"filename", "language", "C#", "comment", "blank", "total"
"c:\Program Files (x86)\Steam\steamapps\common\tModLoader\My Games\Terraria\tModLoader\ModSources\ChargerClass\Common\GameUtils\TileUtils.cs", "C#", 37, 16, 10, 63
"c:\Program Files (x86)\Steam\steamapps\common\tModLoader\My Games\Terraria\tModLoader\ModSources\ChargerClass\Content\Items\Ammo\Darts\CustomDart.cs", "C#", 31, 0, 2, 33
"c:\Program Files (x86)\Steam\steamapps\common\tModLoader\My Games\Terraria\tModLoader\ModSources\ChargerClass\Content\Items\Weapons\Blowers\BagpipeBlaster.cs", "C#", -9, 0, 0, -9
"c:\Program Files (x86)\Steam\steamapps\common\tModLoader\My Games\Terraria\tModLoader\ModSources\ChargerClass\Content\Items\Weapons\Blowers\Balloon.cs", "C#", -9, 0, -2, -11
"c:\Program Files (x86)\Steam\steamapps\common\tModLoader\My Games\Terraria\tModLoader\ModSources\ChargerClass\Content\Items\Weapons\ChargedWeapon.cs", "C#", 11, 0, 0, 11
"c:\Program Files (x86)\Steam\steamapps\common\tModLoader\My Games\Terraria\tModLoader\ModSources\ChargerClass\Content\Projectiles\Holdouts\Blowers\BagpipeBlasterHoldout.cs", "C#", 8, 0, 2, 10
"c:\Program Files (x86)\Steam\steamapps\common\tModLoader\My Games\Terraria\tModLoader\ModSources\ChargerClass\Content\Projectiles\Holdouts\Blowers\BalloonHoldout.cs", "C#", 11, 0, 2, 13
"c:\Program Files (x86)\Steam\steamapps\common\tModLoader\My Games\Terraria\tModLoader\ModSources\ChargerClass\Content\Projectiles\Holdouts\ChargeWeaponHoldout.cs", "C#", 6, 0, 0, 6
"c:\Program Files (x86)\Steam\steamapps\common\tModLoader\My Games\Terraria\tModLoader\ModSources\ChargerClass\Content\Tiles\DartAssembleStationTileEntity.cs", "C#", 21, 0, 6, 27
"c:\Program Files (x86)\Steam\steamapps\common\tModLoader\My Games\Terraria\tModLoader\ModSources\ChargerClass\Content\Tiles\DartAssemblyStationTile.cs", "C#", 33, 1, 3, 37
"c:\Program Files (x86)\Steam\steamapps\common\tModLoader\My Games\Terraria\tModLoader\ModSources\ChargerClass\Content\UI\DartAssemblyStation\DartAssemblyState.cs", "C#", 63, 0, 7, 70
"Total", "-", 203, 17, 30, 250