"filename", "language", "Markdown", "C#", "JSON", "XML", "comment", "blank", "total"
"c:\Program Files (x86)\Steam\steamapps\common\tModLoader\My Games\Terraria\tModLoader\ModSources\ChargerClass\.config\dotnet-tools.json", "JSON", 0, 0, 13, 0, 0, 0, 13
"c:\Program Files (x86)\Steam\steamapps\common\tModLoader\My Games\Terraria\tModLoader\ModSources\ChargerClass\ChargerClass.cs", "C#", 0, 30, 0, 0, 1, 4, 35
"c:\Program Files (x86)\Steam\steamapps\common\tModLoader\My Games\Terraria\tModLoader\ModSources\ChargerClass\ChargerClass.csproj", "XML", 0, 0, 0, 9, 0, 1, 10
"c:\Program Files (x86)\Steam\steamapps\common\tModLoader\My Games\Terraria\tModLoader\ModSources\ChargerClass\Common\Configs\Config.cs", "C#", 0, 13, 0, 0, 3, 5, 21
"c:\Program Files (x86)\Steam\steamapps\common\tModLoader\My Games\Terraria\tModLoader\ModSources\ChargerClass\Common\DrawLayers\AnimatedDrawLayer.cs", "C#", 0, 57, 0, 0, 1, 16, 74
"c:\Program Files (x86)\Steam\steamapps\common\tModLoader\My Games\Terraria\tModLoader\ModSources\ChargerClass\Common\DrawLayers\BloontoniumBlasterDrawLayer.cs", "C#", 0, 40, 0, 0, 0, 7, 47
"c:\Program Files (x86)\Steam\steamapps\common\tModLoader\My Games\Terraria\tModLoader\ModSources\ChargerClass\Common\DrawLayers\CentrifugalGunDrawLayer.cs", "C#", 0, 40, 0, 0, 0, 7, 47
"c:\Program Files (x86)\Steam\steamapps\common\tModLoader\My Games\Terraria\tModLoader\ModSources\ChargerClass\Common\DrawLayers\DartlingGunDrawLayer.cs", "C#", 0, 40, 0, 0, 0, 7, 47
"c:\Program Files (x86)\Steam\steamapps\common\tModLoader\My Games\Terraria\tModLoader\ModSources\ChargerClass\Common\DrawLayers\HydraRocketLauncherDrawLayer.cs", "C#", 0, 40, 0, 0, 0, 7, 47
"c:\Program Files (x86)\Steam\steamapps\common\tModLoader\My Games\Terraria\tModLoader\ModSources\ChargerClass\Common\DrawLayers\LaserDartlingGunDrawLayer.cs", "C#", 0, 40, 0, 0, 0, 7, 47
"c:\Program Files (x86)\Steam\steamapps\common\tModLoader\My Games\Terraria\tModLoader\ModSources\ChargerClass\Common\DrawLayers\PremeCalamariDrawLayer.cs", "C#", 0, 28, 0, 0, 0, 4, 32
"c:\Program Files (x86)\Steam\steamapps\common\tModLoader\My Games\Terraria\tModLoader\ModSources\ChargerClass\Common\DrawLayers\RayOfBloonDrawLayer.cs", "C#", 0, 40, 0, 0, 0, 7, 47
"c:\Program Files (x86)\Steam\steamapps\common\tModLoader\My Games\Terraria\tModLoader\ModSources\ChargerClass\Common\DrawLayers\SupremeCalamariDrawLayer.cs", "C#", 0, 33, 0, 0, 0, 5, 38
"c:\Program Files (x86)\Steam\steamapps\common\tModLoader\My Games\Terraria\tModLoader\ModSources\ChargerClass\Common\Extensions\Explosions.cs", "C#", 0, 73, 0, 0, 0, 5, 78
"c:\Program Files (x86)\Steam\steamapps\common\tModLoader\My Games\Terraria\tModLoader\ModSources\ChargerClass\Common\Extensions\Targeting.cs", "C#", 0, 77, 0, 0, 0, 4, 81
"c:\Program Files (x86)\Steam\steamapps\common\tModLoader\My Games\Terraria\tModLoader\ModSources\ChargerClass\Common\GlobalNPCs\ModGlobalNPC.cs", "C#", 0, 171, 0, 0, 1, 6, 178
"c:\Program Files (x86)\Steam\steamapps\common\tModLoader\My Games\Terraria\tModLoader\ModSources\ChargerClass\Common\GlobalNPCs\ModInstanceNPC.cs", "C#", 0, 177, 0, 0, 1, 11, 189
"c:\Program Files (x86)\Steam\steamapps\common\tModLoader\My Games\Terraria\tModLoader\ModSources\ChargerClass\Common\GlobalProjectiles\ChargerProjectle.cs", "C#", 0, 205, 0, 0, 1, 12, 218
"c:\Program Files (x86)\Steam\steamapps\common\tModLoader\My Games\Terraria\tModLoader\ModSources\ChargerClass\Common\ItemDropRules\DropConditions\BlueChargeDropCondition.cs", "C#", 0, 17, 0, 0, 0, 7, 24
"c:\Program Files (x86)\Steam\steamapps\common\tModLoader\My Games\Terraria\tModLoader\ModSources\ChargerClass\Common\ItemDropRules\DropConditions\ChargeDropCondition.cs", "C#", 0, 17, 0, 0, 0, 7, 24
"c:\Program Files (x86)\Steam\steamapps\common\tModLoader\My Games\Terraria\tModLoader\ModSources\ChargerClass\Common\ItemDropRules\DropConditions\OrangeChargeDropCondition.cs", "C#", 0, 17, 0, 0, 0, 7, 24
"c:\Program Files (x86)\Steam\steamapps\common\tModLoader\My Games\Terraria\tModLoader\ModSources\ChargerClass\Common\Item\GlobalItem.cs", "C#", 0, 106, 0, 0, 0, 3, 109
"c:\Program Files (x86)\Steam\steamapps\common\tModLoader\My Games\Terraria\tModLoader\ModSources\ChargerClass\Common\ModSystems\ChargerClassGeneralSystem.cs", "C#", 0, 106, 0, 0, 3, 22, 131
"c:\Program Files (x86)\Steam\steamapps\common\tModLoader\My Games\Terraria\tModLoader\ModSources\ChargerClass\Common\ModSystems\ChargerClassOreSystem.cs", "C#", 0, 49, 0, 0, 6, 13, 68
"c:\Program Files (x86)\Steam\steamapps\common\tModLoader\My Games\Terraria\tModLoader\ModSources\ChargerClass\Common\ModSystems\ChargerMeterUISystem.cs", "C#", 0, 46, 0, 0, 9, 7, 62
"c:\Program Files (x86)\Steam\steamapps\common\tModLoader\My Games\Terraria\tModLoader\ModSources\ChargerClass\Common\ModSystems\DartAssemblyStationUISystem.cs", "C#", 0, 54, 0, 0, 0, 8, 62
"c:\Program Files (x86)\Steam\steamapps\common\tModLoader\My Games\Terraria\tModLoader\ModSources\ChargerClass\Common\Players\ChargeModPlayer.cs", "C#", 0, 389, 0, 0, 1, 55, 445
"c:\Program Files (x86)\Steam\steamapps\common\tModLoader\My Games\Terraria\tModLoader\ModSources\ChargerClass\Common\Sets\Sets.cs", "C#", 0, 57, 0, 0, 0, 5, 62
"c:\Program Files (x86)\Steam\steamapps\common\tModLoader\My Games\Terraria\tModLoader\ModSources\ChargerClass\Content\Buffs\Adrenaline.cs", "C#", 0, 15, 0, 0, 0, 3, 18
"c:\Program Files (x86)\Steam\steamapps\common\tModLoader\My Games\Terraria\tModLoader\ModSources\ChargerClass\Content\Buffs\Bound.cs", "C#", 0, 15, 0, 0, 0, 4, 19
"c:\Program Files (x86)\Steam\steamapps\common\tModLoader\My Games\Terraria\tModLoader\ModSources\ChargerClass\Content\Buffs\Charge.cs", "C#", 0, 11, 0, 0, 0, 3, 14
"c:\Program Files (x86)\Steam\steamapps\common\tModLoader\My Games\Terraria\tModLoader\ModSources\ChargerClass\Content\Buffs\Cursed.cs", "C#", 0, 15, 0, 0, 0, 4, 19
"c:\Program Files (x86)\Steam\steamapps\common\tModLoader\My Games\Terraria\tModLoader\ModSources\ChargerClass\Content\Buffs\Dabilitated.cs", "C#", 0, 15, 0, 0, 0, 4, 19
"c:\Program Files (x86)\Steam\steamapps\common\tModLoader\My Games\Terraria\tModLoader\ModSources\ChargerClass\Content\Buffs\GodKiller.cs", "C#", 0, 15, 0, 0, 0, 4, 19
"c:\Program Files (x86)\Steam\steamapps\common\tModLoader\My Games\Terraria\tModLoader\ModSources\ChargerClass\Content\Buffs\Impatience.cs", "C#", 0, 11, 0, 0, 0, 3, 14
"c:\Program Files (x86)\Steam\steamapps\common\tModLoader\My Games\Terraria\tModLoader\ModSources\ChargerClass\Content\Buffs\LeadPoisoning.cs", "C#", 0, 15, 0, 0, 0, 4, 19
"c:\Program Files (x86)\Steam\steamapps\common\tModLoader\My Games\Terraria\tModLoader\ModSources\ChargerClass\Content\Buffs\LightHeaded.cs", "C#", 0, 15, 0, 0, 0, 4, 19
"c:\Program Files (x86)\Steam\steamapps\common\tModLoader\My Games\Terraria\tModLoader\ModSources\ChargerClass\Content\Buffs\Plague.cs", "C#", 0, 15, 0, 0, 0, 4, 19
"c:\Program Files (x86)\Steam\steamapps\common\tModLoader\My Games\Terraria\tModLoader\ModSources\ChargerClass\Content\Buffs\RadiationSickness.cs", "C#", 0, 20, 0, 0, 0, 5, 25
"c:\Program Files (x86)\Steam\steamapps\common\tModLoader\My Games\Terraria\tModLoader\ModSources\ChargerClass\Content\Buffs\RocketStormCooldown.cs", "C#", 0, 15, 0, 0, 0, 4, 19
"c:\Program Files (x86)\Steam\steamapps\common\tModLoader\My Games\Terraria\tModLoader\ModSources\ChargerClass\Content\Buffs\Stamina.cs", "C#", 0, 11, 0, 0, 0, 3, 14
"c:\Program Files (x86)\Steam\steamapps\common\tModLoader\My Games\Terraria\tModLoader\ModSources\ChargerClass\Content\Buffs\Stunned.cs", "C#", 0, 15, 0, 0, 0, 4, 19
"c:\Program Files (x86)\Steam\steamapps\common\tModLoader\My Games\Terraria\tModLoader\ModSources\ChargerClass\Content\Buffs\SuperSlimed.cs", "C#", 0, 15, 0, 0, 0, 4, 19
"c:\Program Files (x86)\Steam\steamapps\common\tModLoader\My Games\Terraria\tModLoader\ModSources\ChargerClass\Content\Buffs\Tetnus.cs", "C#", 0, 15, 0, 0, 0, 4, 19
"c:\Program Files (x86)\Steam\steamapps\common\tModLoader\My Games\Terraria\tModLoader\ModSources\ChargerClass\Content\DamageClasses\ChargerDamageClass.cs", "C#", 0, 12, 0, 0, 0, 5, 17
"c:\Program Files (x86)\Steam\steamapps\common\tModLoader\My Games\Terraria\tModLoader\ModSources\ChargerClass\Content\Dusts\ConsumingDust.cs", "C#", 0, 23, 0, 0, 0, 8, 31
"c:\Program Files (x86)\Steam\steamapps\common\tModLoader\My Games\Terraria\tModLoader\ModSources\ChargerClass\Content\Items\Acessories\AAABattery.cs", "C#", 0, 41, 0, 0, 0, 5, 46
"c:\Program Files (x86)\Steam\steamapps\common\tModLoader\My Games\Terraria\tModLoader\ModSources\ChargerClass\Content\Items\Acessories\BreathingAid.cs", "C#", 0, 42, 0, 0, 0, 4, 46
"c:\Program Files (x86)\Steam\steamapps\common\tModLoader\My Games\Terraria\tModLoader\ModSources\ChargerClass\Content\Items\Acessories\Capacitor.cs", "C#", 0, 33, 0, 0, 0, 4, 37
"c:\Program Files (x86)\Steam\steamapps\common\tModLoader\My Games\Terraria\tModLoader\ModSources\ChargerClass\Content\Items\Acessories\CarBattery.cs", "C#", 0, 41, 0, 0, 0, 5, 46
"c:\Program Files (x86)\Steam\steamapps\common\tModLoader\My Games\Terraria\tModLoader\ModSources\ChargerClass\Content\Items\Acessories\ChargeRepository.cs", "C#", 0, 41, 0, 0, 0, 5, 46
"c:\Program Files (x86)\Steam\steamapps\common\tModLoader\My Games\Terraria\tModLoader\ModSources\ChargerClass\Content\Items\Acessories\Charger.cs", "C#", 0, 37, 0, 0, 0, 4, 41
"c:\Program Files (x86)\Steam\steamapps\common\tModLoader\My Games\Terraria\tModLoader\ModSources\ChargerClass\Content\Items\Acessories\ChargerEmblem.cs", "C#", 0, 37, 0, 0, 0, 5, 42
"c:\Program Files (x86)\Steam\steamapps\common\tModLoader\My Games\Terraria\tModLoader\ModSources\ChargerClass\Content\Items\Acessories\Diaphragm.cs", "C#", 0, 39, 0, 0, 0, 5, 44
"c:\Program Files (x86)\Steam\steamapps\common\tModLoader\My Games\Terraria\tModLoader\ModSources\ChargerClass\Content\Items\Acessories\Exhaler.cs", "C#", 0, 39, 0, 0, 0, 4, 43
"c:\Program Files (x86)\Steam\steamapps\common\tModLoader\My Games\Terraria\tModLoader\ModSources\ChargerClass\Content\Items\Acessories\ExtensionCord.cs", "C#", 0, 39, 0, 0, 0, 4, 43
"c:\Program Files (x86)\Steam\steamapps\common\tModLoader\My Games\Terraria\tModLoader\ModSources\ChargerClass\Content\Items\Acessories\Generator.cs", "C#", 0, 45, 0, 0, 0, 5, 50
"c:\Program Files (x86)\Steam\steamapps\common\tModLoader\My Games\Terraria\tModLoader\ModSources\ChargerClass\Content\Items\Acessories\GripTape.cs", "C#", 0, 37, 0, 0, 0, 5, 42
"c:\Program Files (x86)\Steam\steamapps\common\tModLoader\My Games\Terraria\tModLoader\ModSources\ChargerClass\Content\Items\Acessories\Haler.cs", "C#", 0, 37, 0, 0, 0, 4, 41
"c:\Program Files (x86)\Steam\steamapps\common\tModLoader\My Games\Terraria\tModLoader\ModSources\ChargerClass\Content\Items\Acessories\HydrogenGas.cs", "C#", 0, 33, 0, 0, 0, 4, 37
"c:\Program Files (x86)\Steam\steamapps\common\tModLoader\My Games\Terraria\tModLoader\ModSources\ChargerClass\Content\Items\Acessories\Inhaler.cs", "C#", 0, 35, 0, 0, 0, 4, 39
"c:\Program Files (x86)\Steam\steamapps\common\tModLoader\My Games\Terraria\tModLoader\ModSources\ChargerClass\Content\Items\Acessories\IronLung.cs", "C#", 0, 41, 0, 0, 0, 5, 46
"c:\Program Files (x86)\Steam\steamapps\common\tModLoader\My Games\Terraria\tModLoader\ModSources\ChargerClass\Content\Items\Acessories\LeatherGlove.cs", "C#", 0, 36, 0, 0, 0, 4, 40
"c:\Program Files (x86)\Steam\steamapps\common\tModLoader\My Games\Terraria\tModLoader\ModSources\ChargerClass\Content\Items\Acessories\LightningRod.cs", "C#", 0, 37, 0, 0, 0, 5, 42
"c:\Program Files (x86)\Steam\steamapps\common\tModLoader\My Games\Terraria\tModLoader\ModSources\ChargerClass\Content\Items\Acessories\OverCritter.cs", "C#", 0, 34, 0, 0, 0, 4, 38
"c:\Program Files (x86)\Steam\steamapps\common\tModLoader\My Games\Terraria\tModLoader\ModSources\ChargerClass\Content\Items\Acessories\Overcharger.cs", "C#", 0, 40, 0, 0, 0, 5, 45
"c:\Program Files (x86)\Steam\steamapps\common\tModLoader\My Games\Terraria\tModLoader\ModSources\ChargerClass\Content\Items\Acessories\PowerBank.cs", "C#", 0, 43, 0, 0, 0, 6, 49
"c:\Program Files (x86)\Steam\steamapps\common\tModLoader\My Games\Terraria\tModLoader\ModSources\ChargerClass\Content\Items\Acessories\RedDot.cs", "C#", 0, 40, 0, 0, 0, 4, 44
"c:\Program Files (x86)\Steam\steamapps\common\tModLoader\My Games\Terraria\tModLoader\ModSources\ChargerClass\Content\Items\Acessories\Respirator.cs", "C#", 0, 37, 0, 0, 0, 4, 41
"c:\Program Files (x86)\Steam\steamapps\common\tModLoader\My Games\Terraria\tModLoader\ModSources\ChargerClass\Content\Items\Acessories\SecretStimulants.cs", "C#", 0, 38, 0, 0, 0, 4, 42
"c:\Program Files (x86)\Steam\steamapps\common\tModLoader\My Games\Terraria\tModLoader\ModSources\ChargerClass\Content\Items\Acessories\ShootingGlove.cs", "C#", 0, 38, 0, 0, 0, 4, 42
"c:\Program Files (x86)\Steam\steamapps\common\tModLoader\My Games\Terraria\tModLoader\ModSources\ChargerClass\Content\Items\Acessories\TrackingSpecs.cs", "C#", 0, 38, 0, 0, 0, 4, 42
"c:\Program Files (x86)\Steam\steamapps\common\tModLoader\My Games\Terraria\tModLoader\ModSources\ChargerClass\Content\Items\Acessories\UltimateChargingGear.cs", "C#", 0, 43, 0, 0, 0, 4, 47
"c:\Program Files (x86)\Steam\steamapps\common\tModLoader\My Games\Terraria\tModLoader\ModSources\ChargerClass\Content\Items\Ammo\BloontoniumDart.cs", "C#", 0, 35, 0, 0, 0, 7, 42
"c:\Program Files (x86)\Steam\steamapps\common\tModLoader\My Games\Terraria\tModLoader\ModSources\ChargerClass\Content\Items\Ammo\BottledSlime.cs", "C#", 0, 34, 0, 0, 0, 7, 41
"c:\Program Files (x86)\Steam\steamapps\common\tModLoader\My Games\Terraria\tModLoader\ModSources\ChargerClass\Content\Items\Ammo\Darts\CustomDart.cs", "C#", 0, 149, 0, 0, 0, 30, 179
"c:\Program Files (x86)\Steam\steamapps\common\tModLoader\My Games\Terraria\tModLoader\ModSources\ChargerClass\Content\Items\Ammo\Darts\DartComponent.cs", "C#", 0, 27, 0, 0, 0, 7, 34
"c:\Program Files (x86)\Steam\steamapps\common\tModLoader\My Games\Terraria\tModLoader\ModSources\ChargerClass\Content\Items\Ammo\Darts\Payloads\Atomizer.cs", "C#", 0, 29, 0, 0, 0, 4, 33
"c:\Program Files (x86)\Steam\steamapps\common\tModLoader\My Games\Terraria\tModLoader\ModSources\ChargerClass\Content\Items\Ammo\Darts\Payloads\CryoCannister.cs", "C#", 0, 27, 0, 0, 0, 4, 31
"c:\Program Files (x86)\Steam\steamapps\common\tModLoader\My Games\Terraria\tModLoader\ModSources\ChargerClass\Content\Items\Ammo\Darts\Payloads\CursedCannister.cs", "C#", 0, 26, 0, 0, 0, 4, 30
"c:\Program Files (x86)\Steam\steamapps\common\tModLoader\My Games\Terraria\tModLoader\ModSources\ChargerClass\Content\Items\Ammo\Darts\Payloads\DartCannister.cs", "C#", 0, 21, 0, 0, 0, 3, 24
"c:\Program Files (x86)\Steam\steamapps\common\tModLoader\My Games\Terraria\tModLoader\ModSources\ChargerClass\Content\Items\Ammo\Darts\Payloads\DartFrogDebilitator.cs", "C#", 0, 27, 0, 0, 0, 4, 31
"c:\Program Files (x86)\Steam\steamapps\common\tModLoader\My Games\Terraria\tModLoader\ModSources\ChargerClass\Content\Items\Ammo\Darts\Payloads\DeathFactor.cs", "C#", 0, 30, 0, 0, 0, 4, 34
"c:\Program Files (x86)\Steam\steamapps\common\tModLoader\My Games\Terraria\tModLoader\ModSources\ChargerClass\Content\Items\Ammo\Darts\Payloads\ExplosiveCannister.cs", "C#", 0, 28, 0, 0, 0, 4, 32
"c:\Program Files (x86)\Steam\steamapps\common\tModLoader\My Games\Terraria\tModLoader\ModSources\ChargerClass\Content\Items\Ammo\Darts\Payloads\GodKillerCocktail.cs", "C#", 0, 73, 0, 0, 0, 5, 78
"c:\Program Files (x86)\Steam\steamapps\common\tModLoader\My Games\Terraria\tModLoader\ModSources\ChargerClass\Content\Items\Ammo\Darts\Payloads\IchorCannister.cs", "C#", 0, 26, 0, 0, 0, 4, 30
"c:\Program Files (x86)\Steam\steamapps\common\tModLoader\My Games\Terraria\tModLoader\ModSources\ChargerClass\Content\Items\Ammo\Darts\Payloads\JellyfishCannister.cs", "C#", 0, 27, 0, 0, 0, 4, 31
"c:\Program Files (x86)\Steam\steamapps\common\tModLoader\My Games\Terraria\tModLoader\ModSources\ChargerClass\Content\Items\Ammo\Darts\Payloads\LavaCannister.cs", "C#", 0, 26, 0, 0, 0, 4, 30
"c:\Program Files (x86)\Steam\steamapps\common\tModLoader\My Games\Terraria\tModLoader\ModSources\ChargerClass\Content\Items\Ammo\Darts\Payloads\LiquidLeadCannister.cs", "C#", 0, 29, 0, 0, 0, 4, 33
"c:\Program Files (x86)\Steam\steamapps\common\tModLoader\My Games\Terraria\tModLoader\ModSources\ChargerClass\Content\Items\Ammo\Darts\Payloads\RadioactiveParsel.cs", "C#", 0, 50, 0, 0, 0, 5, 55
"c:\Program Files (x86)\Steam\steamapps\common\tModLoader\My Games\Terraria\tModLoader\ModSources\ChargerClass\Content\Items\Ammo\Darts\Tails\BetsysBackwash.cs", "C#", 0, 32, 0, 0, 0, 4, 36
"c:\Program Files (x86)\Steam\steamapps\common\tModLoader\My Games\Terraria\tModLoader\ModSources\ChargerClass\Content\Items\Ammo\Darts\Tails\BombingBay.cs", "C#", 0, 34, 0, 0, 0, 5, 39
"c:\Program Files (x86)\Steam\steamapps\common\tModLoader\My Games\Terraria\tModLoader\ModSources\ChargerClass\Content\Items\Ammo\Darts\Tails\CropDuster.cs", "C#", 0, 31, 0, 0, 0, 5, 36
"c:\Program Files (x86)\Steam\steamapps\common\tModLoader\My Games\Terraria\tModLoader\ModSources\ChargerClass\Content\Items\Ammo\Darts\Tails\EagleEye.cs", "C#", 0, 57, 0, 0, 0, 8, 65
"c:\Program Files (x86)\Steam\steamapps\common\tModLoader\My Games\Terraria\tModLoader\ModSources\ChargerClass\Content\Items\Ammo\Darts\Tails\FeatheredTail.cs", "C#", 0, 21, 0, 0, 0, 4, 25
"c:\Program Files (x86)\Steam\steamapps\common\tModLoader\My Games\Terraria\tModLoader\ModSources\ChargerClass\Content\Items\Ammo\Darts\Tails\HolyLightTail.cs", "C#", 0, 36, 0, 0, 0, 5, 41
"c:\Program Files (x86)\Steam\steamapps\common\tModLoader\My Games\Terraria\tModLoader\ModSources\ChargerClass\Content\Items\Ammo\Darts\Tails\MagesTail.cs", "C#", 0, 33, 0, 0, 0, 3, 36
"c:\Program Files (x86)\Steam\steamapps\common\tModLoader\My Games\Terraria\tModLoader\ModSources\ChargerClass\Content\Items\Ammo\Darts\Tails\PixieDuster.cs", "C#", 0, 29, 0, 0, 0, 5, 34
"c:\Program Files (x86)\Steam\steamapps\common\tModLoader\My Games\Terraria\tModLoader\ModSources\ChargerClass\Content\Items\Ammo\Darts\Tails\PrismaticTail.cs", "C#", 0, 57, 0, 0, 0, 6, 63
"c:\Program Files (x86)\Steam\steamapps\common\tModLoader\My Games\Terraria\tModLoader\ModSources\ChargerClass\Content\Items\Ammo\Darts\Tails\RocketJets.cs", "C#", 0, 50, 0, 0, 0, 6, 56
"c:\Program Files (x86)\Steam\steamapps\common\tModLoader\My Games\Terraria\tModLoader\ModSources\ChargerClass\Content\Items\Ammo\Darts\Tails\TheCorruptor.cs", "C#", 0, 48, 0, 0, 0, 6, 54
"c:\Program Files (x86)\Steam\steamapps\common\tModLoader\My Games\Terraria\tModLoader\ModSources\ChargerClass\Content\Items\Ammo\Darts\Tails\ToxicTail.cs", "C#", 0, 29, 0, 0, 0, 3, 32
"c:\Program Files (x86)\Steam\steamapps\common\tModLoader\My Games\Terraria\tModLoader\ModSources\ChargerClass\Content\Items\Ammo\Darts\Tails\UnholyTail.cs", "C#", 0, 44, 0, 0, 0, 5, 49
"c:\Program Files (x86)\Steam\steamapps\common\tModLoader\My Games\Terraria\tModLoader\ModSources\ChargerClass\Content\Items\Ammo\Darts\Tips\AdamantiteTip.cs", "C#", 0, 24, 0, 0, 0, 4, 28
"c:\Program Files (x86)\Steam\steamapps\common\tModLoader\My Games\Terraria\tModLoader\ModSources\ChargerClass\Content\Items\Ammo\Darts\Tips\BoneTip.cs", "C#", 0, 23, 0, 0, 0, 4, 27
"c:\Program Files (x86)\Steam\steamapps\common\tModLoader\My Games\Terraria\tModLoader\ModSources\ChargerClass\Content\Items\Ammo\Darts\Tips\ChlorophyteTip.cs", "C#", 0, 24, 0, 0, 0, 4, 28
"c:\Program Files (x86)\Steam\steamapps\common\tModLoader\My Games\Terraria\tModLoader\ModSources\ChargerClass\Content\Items\Ammo\Darts\Tips\HallowedTip.cs", "C#", 0, 24, 0, 0, 0, 4, 28
"c:\Program Files (x86)\Steam\steamapps\common\tModLoader\My Games\Terraria\tModLoader\ModSources\ChargerClass\Content\Items\Ammo\Darts\Tips\HellStoneTip.cs", "C#", 0, 28, 0, 0, 0, 5, 33
"c:\Program Files (x86)\Steam\steamapps\common\tModLoader\My Games\Terraria\tModLoader\ModSources\ChargerClass\Content\Items\Ammo\Darts\Tips\HypodermicNeedle.cs", "C#", 0, 25, 0, 0, 0, 4, 29
"c:\Program Files (x86)\Steam\steamapps\common\tModLoader\My Games\Terraria\tModLoader\ModSources\ChargerClass\Content\Items\Ammo\Darts\Tips\LihzahrdTip.cs", "C#", 0, 27, 0, 0, 0, 5, 32
"c:\Program Files (x86)\Steam\steamapps\common\tModLoader\My Games\Terraria\tModLoader\ModSources\ChargerClass\Content\Items\Ammo\Darts\Tips\LunarTip.cs", "C#", 0, 24, 0, 0, 0, 4, 28
"c:\Program Files (x86)\Steam\steamapps\common\tModLoader\My Games\Terraria\tModLoader\ModSources\ChargerClass\Content\Items\Ammo\Darts\Tips\MeteorTip.cs", "C#", 0, 24, 0, 0, 0, 4, 28
"c:\Program Files (x86)\Steam\steamapps\common\tModLoader\My Games\Terraria\tModLoader\ModSources\ChargerClass\Content\Items\Ammo\Darts\Tips\ShroomiteTip.cs", "C#", 0, 24, 0, 0, 0, 4, 28
"c:\Program Files (x86)\Steam\steamapps\common\tModLoader\My Games\Terraria\tModLoader\ModSources\ChargerClass\Content\Items\Ammo\Darts\Tips\SpectreTip.cs", "C#", 0, 24, 0, 0, 0, 4, 28
"c:\Program Files (x86)\Steam\steamapps\common\tModLoader\My Games\Terraria\tModLoader\ModSources\ChargerClass\Content\Items\Ammo\Darts\Tips\TitaniumTip.cs", "C#", 0, 24, 0, 0, 0, 4, 28
"c:\Program Files (x86)\Steam\steamapps\common\tModLoader\My Games\Terraria\tModLoader\ModSources\ChargerClass\Content\Items\Ammo\Darts\Tips\UnicornTip.cs", "C#", 0, 23, 0, 0, 0, 4, 27
"c:\Program Files (x86)\Steam\steamapps\common\tModLoader\My Games\Terraria\tModLoader\ModSources\ChargerClass\Content\Items\Ammo\MiniCannonball.cs", "C#", 0, 34, 0, 0, 0, 7, 41
"c:\Program Files (x86)\Steam\steamapps\common\tModLoader\My Games\Terraria\tModLoader\ModSources\ChargerClass\Content\Items\Ammo\MonkeyDart.cs", "C#", 0, 27, 0, 0, 0, 6, 33
"c:\Program Files (x86)\Steam\steamapps\common\tModLoader\My Games\Terraria\tModLoader\ModSources\ChargerClass\Content\Items\Ammo\NectarNail.cs", "C#", 0, 35, 0, 0, 0, 7, 42
"c:\Program Files (x86)\Steam\steamapps\common\tModLoader\My Games\Terraria\tModLoader\ModSources\ChargerClass\Content\Items\Ammo\Potato.cs", "C#", 0, 38, 0, 0, 0, 7, 45
"c:\Program Files (x86)\Steam\steamapps\common\tModLoader\My Games\Terraria\tModLoader\ModSources\ChargerClass\Content\Items\Ammo\RocketPod.cs", "C#", 0, 36, 0, 0, 0, 7, 43
"c:\Program Files (x86)\Steam\steamapps\common\tModLoader\My Games\Terraria\tModLoader\ModSources\ChargerClass\Content\Items\Ammo\Rocks\BouncyRock.cs", "C#", 0, 38, 0, 0, 0, 7, 45
"c:\Program Files (x86)\Steam\steamapps\common\tModLoader\My Games\Terraria\tModLoader\ModSources\ChargerClass\Content\Items\Ammo\Rocks\HotRock.cs", "C#", 0, 38, 0, 0, 0, 8, 46
"c:\Program Files (x86)\Steam\steamapps\common\tModLoader\My Games\Terraria\tModLoader\ModSources\ChargerClass\Content\Items\Ammo\Rocks\Rock.cs", "C#", 0, 34, 0, 0, 0, 7, 41
"c:\Program Files (x86)\Steam\steamapps\common\tModLoader\My Games\Terraria\tModLoader\ModSources\ChargerClass\Content\Items\Ammo\Rocks\Sinker.cs", "C#", 0, 34, 0, 0, 0, 7, 41
"c:\Program Files (x86)\Steam\steamapps\common\tModLoader\My Games\Terraria\tModLoader\ModSources\ChargerClass\Content\Items\Ammo\Rocks\Splitter.cs", "C#", 0, 34, 0, 0, 0, 7, 41
"c:\Program Files (x86)\Steam\steamapps\common\tModLoader\My Games\Terraria\tModLoader\ModSources\ChargerClass\Content\Items\Ammo\SoulofBunnies.cs", "C#", 0, 26, 0, 0, 0, 7, 33
"c:\Program Files (x86)\Steam\steamapps\common\tModLoader\My Games\Terraria\tModLoader\ModSources\ChargerClass\Content\Items\Armor\AdamantiteCasque.cs", "C#", 0, 50, 0, 0, 2, 8, 60
"c:\Program Files (x86)\Steam\steamapps\common\tModLoader\My Games\Terraria\tModLoader\ModSources\ChargerClass\Content\Items\Armor\AncientHallowedCasque.cs", "C#", 0, 50, 0, 0, 2, 8, 60
"c:\Program Files (x86)\Steam\steamapps\common\tModLoader\My Games\Terraria\tModLoader\ModSources\ChargerClass\Content\Items\Armor\ChaosArmor\ChaosHelmet.cs", "C#", 0, 49, 0, 0, 2, 8, 59
"c:\Program Files (x86)\Steam\steamapps\common\tModLoader\My Games\Terraria\tModLoader\ModSources\ChargerClass\Content\Items\Armor\ChaosArmor\ChaosLeggings.cs", "C#", 0, 40, 0, 0, 2, 5, 47
"c:\Program Files (x86)\Steam\steamapps\common\tModLoader\My Games\Terraria\tModLoader\ModSources\ChargerClass\Content\Items\Armor\ChaosArmor\ChaosPlate.cs", "C#", 0, 42, 0, 0, 2, 6, 50
"c:\Program Files (x86)\Steam\steamapps\common\tModLoader\My Games\Terraria\tModLoader\ModSources\ChargerClass\Content\Items\Armor\ChlorophyteCasque.cs", "C#", 0, 41, 0, 0, 2, 6, 49
"c:\Program Files (x86)\Steam\steamapps\common\tModLoader\My Games\Terraria\tModLoader\ModSources\ChargerClass\Content\Items\Armor\CobaltCasque.cs", "C#", 0, 50, 0, 0, 2, 8, 60
"c:\Program Files (x86)\Steam\steamapps\common\tModLoader\My Games\Terraria\tModLoader\ModSources\ChargerClass\Content\Items\Armor\ElectrudiumArmor\ElectrudiumChainmail.cs", "C#", 0, 32, 0, 0, 2, 6, 40
"c:\Program Files (x86)\Steam\steamapps\common\tModLoader\My Games\Terraria\tModLoader\ModSources\ChargerClass\Content\Items\Armor\ElectrudiumArmor\ElectrudiumGreaves.cs", "C#", 0, 32, 0, 0, 2, 5, 39
"c:\Program Files (x86)\Steam\steamapps\common\tModLoader\My Games\Terraria\tModLoader\ModSources\ChargerClass\Content\Items\Armor\ElectrudiumArmor\ElectrudiumHelmet.cs", "C#", 0, 49, 0, 0, 2, 7, 58
"c:\Program Files (x86)\Steam\steamapps\common\tModLoader\My Games\Terraria\tModLoader\ModSources\ChargerClass\Content\Items\Armor\FestiveArmor\FestiveBreastplate.cs", "C#", 0, 37, 0, 0, 2, 6, 45
"c:\Program Files (x86)\Steam\steamapps\common\tModLoader\My Games\Terraria\tModLoader\ModSources\ChargerClass\Content\Items\Armor\FestiveArmor\FestiveHelmet.cs", "C#", 0, 52, 0, 0, 2, 7, 61
"c:\Program Files (x86)\Steam\steamapps\common\tModLoader\My Games\Terraria\tModLoader\ModSources\ChargerClass\Content\Items\Armor\FestiveArmor\FestiveLeggings.cs", "C#", 0, 36, 0, 0, 2, 7, 45
"c:\Program Files (x86)\Steam\steamapps\common\tModLoader\My Games\Terraria\tModLoader\ModSources\ChargerClass\Content\Items\Armor\HallowedCasque.cs", "C#", 0, 50, 0, 0, 2, 8, 60
"c:\Program Files (x86)\Steam\steamapps\common\tModLoader\My Games\Terraria\tModLoader\ModSources\ChargerClass\Content\Items\Armor\MechArmor\MAD.cs", "C#", 0, 46, 0, 0, 2, 9, 57
"c:\Program Files (x86)\Steam\steamapps\common\tModLoader\My Games\Terraria\tModLoader\ModSources\ChargerClass\Content\Items\Armor\MechArmor\MechHelmet.cs", "C#", 0, 40, 0, 0, 2, 5, 47
"c:\Program Files (x86)\Steam\steamapps\common\tModLoader\My Games\Terraria\tModLoader\ModSources\ChargerClass\Content\Items\Armor\MechArmor\MechLeggings.cs", "C#", 0, 49, 0, 0, 2, 8, 59
"c:\Program Files (x86)\Steam\steamapps\common\tModLoader\My Games\Terraria\tModLoader\ModSources\ChargerClass\Content\Items\Armor\MechArmor\MechLung.cs", "C#", 0, 56, 0, 0, 2, 12, 70
"c:\Program Files (x86)\Steam\steamapps\common\tModLoader\My Games\Terraria\tModLoader\ModSources\ChargerClass\Content\Items\Armor\MythrilCasque.cs", "C#", 0, 50, 0, 0, 2, 8, 60
"c:\Program Files (x86)\Steam\steamapps\common\tModLoader\My Games\Terraria\tModLoader\ModSources\ChargerClass\Content\Items\Armor\OrichalcumCasque.cs", "C#", 0, 43, 0, 0, 2, 6, 51
"c:\Program Files (x86)\Steam\steamapps\common\tModLoader\My Games\Terraria\tModLoader\ModSources\ChargerClass\Content\Items\Armor\PalladiumCasque.cs", "C#", 0, 43, 0, 0, 2, 6, 51
"c:\Program Files (x86)\Steam\steamapps\common\tModLoader\My Games\Terraria\tModLoader\ModSources\ChargerClass\Content\Items\Armor\TitaniumCasque.cs", "C#", 0, 43, 0, 0, 2, 6, 51
"c:\Program Files (x86)\Steam\steamapps\common\tModLoader\My Games\Terraria\tModLoader\ModSources\ChargerClass\Content\Items\BakedPotato.cs", "C#", 0, 33, 0, 0, 0, 5, 38
"c:\Program Files (x86)\Steam\steamapps\common\tModLoader\My Games\Terraria\tModLoader\ModSources\ChargerClass\Content\Items\BasicCircuitry.cs", "C#", 0, 29, 0, 0, 0, 5, 34
"c:\Program Files (x86)\Steam\steamapps\common\tModLoader\My Games\Terraria\tModLoader\ModSources\ChargerClass\Content\Items\BlueCharge.cs", "C#", 0, 27, 0, 0, 0, 3, 30
"c:\Program Files (x86)\Steam\steamapps\common\tModLoader\My Games\Terraria\tModLoader\ModSources\ChargerClass\Content\Items\ChargedComponents.cs", "C#", 0, 29, 0, 0, 0, 5, 34
"c:\Program Files (x86)\Steam\steamapps\common\tModLoader\My Games\Terraria\tModLoader\ModSources\ChargerClass\Content\Items\ChristmasCheer.cs", "C#", 0, 19, 0, 0, 0, 4, 23
"c:\Program Files (x86)\Steam\steamapps\common\tModLoader\My Games\Terraria\tModLoader\ModSources\ChargerClass\Content\Items\ConcentratedGelSolution.cs", "C#", 0, 26, 0, 0, 0, 5, 31
"c:\Program Files (x86)\Steam\steamapps\common\tModLoader\My Games\Terraria\tModLoader\ModSources\ChargerClass\Content\Items\Consumables\ChargePotion.cs", "C#", 0, 46, 0, 0, 1, 5, 52
"c:\Program Files (x86)\Steam\steamapps\common\tModLoader\My Games\Terraria\tModLoader\ModSources\ChargerClass\Content\Items\Consumables\CosmicVoltaicFragment.cs", "C#", 0, 41, 0, 0, 0, 5, 46
"c:\Program Files (x86)\Steam\steamapps\common\tModLoader\My Games\Terraria\tModLoader\ModSources\ChargerClass\Content\Items\Consumables\FragmentedQuasar.cs", "C#", 0, 27, 0, 0, 0, 3, 30
"c:\Program Files (x86)\Steam\steamapps\common\tModLoader\My Games\Terraria\tModLoader\ModSources\ChargerClass\Content\Items\Consumables\FrightfulVoltaicScrap.cs", "C#", 0, 42, 0, 0, 0, 5, 47
"c:\Program Files (x86)\Steam\steamapps\common\tModLoader\My Games\Terraria\tModLoader\ModSources\ChargerClass\Content\Items\Consumables\ImpatiencePotion.cs", "C#", 0, 47, 0, 0, 1, 5, 53
"c:\Program Files (x86)\Steam\steamapps\common\tModLoader\My Games\Terraria\tModLoader\ModSources\ChargerClass\Content\Items\Consumables\MightyVoltaicScrap.cs", "C#", 0, 42, 0, 0, 0, 5, 47
"c:\Program Files (x86)\Steam\steamapps\common\tModLoader\My Games\Terraria\tModLoader\ModSources\ChargerClass\Content\Items\Consumables\OpticVoltaicScrap.cs", "C#", 0, 42, 0, 0, 0, 5, 47
"c:\Program Files (x86)\Steam\steamapps\common\tModLoader\My Games\Terraria\tModLoader\ModSources\ChargerClass\Content\Items\Consumables\StaminaPotion.cs", "C#", 0, 46, 0, 0, 1, 5, 52
"c:\Program Files (x86)\Steam\steamapps\common\tModLoader\My Games\Terraria\tModLoader\ModSources\ChargerClass\Content\Items\Consumables\StellerVoltaicFragment.cs", "C#", 0, 41, 0, 0, 0, 5, 46
"c:\Program Files (x86)\Steam\steamapps\common\tModLoader\My Games\Terraria\tModLoader\ModSources\ChargerClass\Content\Items\Consumables\VoltaicNugget.cs", "C#", 0, 42, 0, 0, 0, 5, 47
"c:\Program Files (x86)\Steam\steamapps\common\tModLoader\My Games\Terraria\tModLoader\ModSources\ChargerClass\Content\Items\DartFrogExtract.cs", "C#", 0, 19, 0, 0, 0, 4, 23
"c:\Program Files (x86)\Steam\steamapps\common\tModLoader\My Games\Terraria\tModLoader\ModSources\ChargerClass\Content\Items\DepleatedBloontonium.cs", "C#", 0, 19, 0, 0, 0, 4, 23
"c:\Program Files (x86)\Steam\steamapps\common\tModLoader\My Games\Terraria\tModLoader\ModSources\ChargerClass\Content\Items\ExoticEscargot.cs", "C#", 0, 27, 0, 0, 0, 5, 32
"c:\Program Files (x86)\Steam\steamapps\common\tModLoader\My Games\Terraria\tModLoader\ModSources\ChargerClass\Content\Items\JellyfishTentacle.cs", "C#", 0, 19, 0, 0, 0, 4, 23
"c:\Program Files (x86)\Steam\steamapps\common\tModLoader\My Games\Terraria\tModLoader\ModSources\ChargerClass\Content\Items\OrangeCharge.cs", "C#", 0, 27, 0, 0, 0, 3, 30
"c:\Program Files (x86)\Steam\steamapps\common\tModLoader\My Games\Terraria\tModLoader\ModSources\ChargerClass\Content\Items\Placeable\AncientDebris.cs", "C#", 0, 20, 0, 0, 0, 3, 23
"c:\Program Files (x86)\Steam\steamapps\common\tModLoader\My Games\Terraria\tModLoader\ModSources\ChargerClass\Content\Items\Placeable\AncientTech.cs", "C#", 0, 20, 0, 0, 0, 3, 23
"c:\Program Files (x86)\Steam\steamapps\common\tModLoader\My Games\Terraria\tModLoader\ModSources\ChargerClass\Content\Items\Placeable\DartAssemblyStation.cs", "C#", 0, 28, 0, 0, 0, 4, 32
"c:\Program Files (x86)\Steam\steamapps\common\tModLoader\My Games\Terraria\tModLoader\ModSources\ChargerClass\Content\Items\Placeable\ElectrudiumBar.cs", "C#", 0, 29, 0, 0, 0, 5, 34
"c:\Program Files (x86)\Steam\steamapps\common\tModLoader\My Games\Terraria\tModLoader\ModSources\ChargerClass\Content\Items\Placeable\ElectrudiumOre.cs", "C#", 0, 21, 0, 0, 2, 4, 27
"c:\Program Files (x86)\Steam\steamapps\common\tModLoader\My Games\Terraria\tModLoader\ModSources\ChargerClass\Content\Items\Placeable\UnstableChaosShard.cs", "C#", 0, 23, 0, 0, 0, 3, 26
"c:\Program Files (x86)\Steam\steamapps\common\tModLoader\My Games\Terraria\tModLoader\ModSources\ChargerClass\Content\Items\RadioactiveDebris.cs", "C#", 0, 24, 0, 0, 0, 5, 29
"c:\Program Files (x86)\Steam\steamapps\common\tModLoader\My Games\Terraria\tModLoader\ModSources\ChargerClass\Content\Items\Rubber.cs", "C#", 0, 26, 0, 0, 0, 5, 31
"c:\Program Files (x86)\Steam\steamapps\common\tModLoader\My Games\Terraria\tModLoader\ModSources\ChargerClass\Content\Items\SealedTinCan.cs", "C#", 0, 72, 0, 0, 0, 4, 76
"c:\Program Files (x86)\Steam\steamapps\common\tModLoader\My Games\Terraria\tModLoader\ModSources\ChargerClass\Content\Items\VoodooBunny.cs", "C#", 0, 43, 0, 0, 0, 6, 49
"c:\Program Files (x86)\Steam\steamapps\common\tModLoader\My Games\Terraria\tModLoader\ModSources\ChargerClass\Content\Items\Weapons\Airgun.cs", "C#", 0, 41, 0, 0, 0, 9, 50
"c:\Program Files (x86)\Steam\steamapps\common\tModLoader\My Games\Terraria\tModLoader\ModSources\ChargerClass\Content\Items\Weapons\Bellows.cs", "C#", 0, 43, 0, 0, 0, 9, 52
"c:\Program Files (x86)\Steam\steamapps\common\tModLoader\My Games\Terraria\tModLoader\ModSources\ChargerClass\Content\Items\Weapons\BloontoniumBlaster.cs", "C#", 0, 45, 0, 0, 0, 11, 56
"c:\Program Files (x86)\Steam\steamapps\common\tModLoader\My Games\Terraria\tModLoader\ModSources\ChargerClass\Content\Items\Weapons\Blowers\BagpipeBlaster.cs", "C#", 0, 48, 0, 0, 0, 8, 56
"c:\Program Files (x86)\Steam\steamapps\common\tModLoader\My Games\Terraria\tModLoader\ModSources\ChargerClass\Content\Items\Weapons\Blowers\Balloon.cs", "C#", 0, 47, 0, 0, 0, 10, 57
"c:\Program Files (x86)\Steam\steamapps\common\tModLoader\My Games\Terraria\tModLoader\ModSources\ChargerClass\Content\Items\Weapons\Blowers\Blowguns\AdamantiteBlowgun.cs", "C#", 0, 34, 0, 0, 0, 8, 42
"c:\Program Files (x86)\Steam\steamapps\common\tModLoader\My Games\Terraria\tModLoader\ModSources\ChargerClass\Content\Items\Weapons\Blowers\Blowguns\BlowgunRevolver.cs", "C#", 0, 36, 0, 0, 0, 8, 44
"c:\Program Files (x86)\Steam\steamapps\common\tModLoader\My Games\Terraria\tModLoader\ModSources\ChargerClass\Content\Items\Weapons\Blowers\Blowguns\ChlorophyteBlowgun.cs", "C#", 0, 34, 0, 0, 0, 8, 42
"c:\Program Files (x86)\Steam\steamapps\common\tModLoader\My Games\Terraria\tModLoader\ModSources\ChargerClass\Content\Items\Weapons\Blowers\Blowguns\CobaltBlowgun.cs", "C#", 0, 34, 0, 0, 0, 8, 42
"c:\Program Files (x86)\Steam\steamapps\common\tModLoader\My Games\Terraria\tModLoader\ModSources\ChargerClass\Content\Items\Weapons\Blowers\Blowguns\HallowedBlowgun.cs", "C#", 0, 34, 0, 0, 0, 8, 42
"c:\Program Files (x86)\Steam\steamapps\common\tModLoader\My Games\Terraria\tModLoader\ModSources\ChargerClass\Content\Items\Weapons\Blowers\Blowguns\HellfireBlowgun.cs", "C#", 0, 38, 0, 0, 0, 9, 47
"c:\Program Files (x86)\Steam\steamapps\common\tModLoader\My Games\Terraria\tModLoader\ModSources\ChargerClass\Content\Items\Weapons\Blowers\Blowguns\LunarBlowgun.cs", "C#", 0, 34, 0, 0, 0, 8, 42
"c:\Program Files (x86)\Steam\steamapps\common\tModLoader\My Games\Terraria\tModLoader\ModSources\ChargerClass\Content\Items\Weapons\Blowers\Blowguns\MythrilBlowgun.cs", "C#", 0, 34, 0, 0, 0, 8, 42
"c:\Program Files (x86)\Steam\steamapps\common\tModLoader\My Games\Terraria\tModLoader\ModSources\ChargerClass\Content\Items\Weapons\Blowers\Blowguns\OrichalcumBlowgun.cs", "C#", 0, 34, 0, 0, 0, 8, 42
"c:\Program Files (x86)\Steam\steamapps\common\tModLoader\My Games\Terraria\tModLoader\ModSources\ChargerClass\Content\Items\Weapons\Blowers\Blowguns\PalladiumBlowgun.cs", "C#", 0, 34, 0, 0, 0, 8, 42
"c:\Program Files (x86)\Steam\steamapps\common\tModLoader\My Games\Terraria\tModLoader\ModSources\ChargerClass\Content\Items\Weapons\Blowers\Blowguns\PhantomBlowgun.cs", "C#", 0, 36, 0, 0, 0, 8, 44
"c:\Program Files (x86)\Steam\steamapps\common\tModLoader\My Games\Terraria\tModLoader\ModSources\ChargerClass\Content\Items\Weapons\Blowers\Blowguns\TitaniumBlowgun.cs", "C#", 0, 34, 0, 0, 0, 8, 42
"c:\Program Files (x86)\Steam\steamapps\common\tModLoader\My Games\Terraria\tModLoader\ModSources\ChargerClass\Content\Items\Weapons\Blowers\Tronbone.cs", "C#", 0, 29, 0, 0, 0, 7, 36
"c:\Program Files (x86)\Steam\steamapps\common\tModLoader\My Games\Terraria\tModLoader\ModSources\ChargerClass\Content\Items\Weapons\Bola.cs", "C#", 0, 44, 0, 0, 0, 8, 52
"c:\Program Files (x86)\Steam\steamapps\common\tModLoader\My Games\Terraria\tModLoader\ModSources\ChargerClass\Content\Items\Weapons\BunnyGun.cs", "C#", 0, 60, 0, 0, 0, 7, 67
"c:\Program Files (x86)\Steam\steamapps\common\tModLoader\My Games\Terraria\tModLoader\ModSources\ChargerClass\Content\Items\Weapons\CentrifugalGun.cs", "C#", 0, 34, 0, 0, 0, 10, 44
"c:\Program Files (x86)\Steam\steamapps\common\tModLoader\My Games\Terraria\tModLoader\ModSources\ChargerClass\Content\Items\Weapons\ChargeWeapon.cs", "C#", 0, 218, 0, 0, 2, 28, 248
"c:\Program Files (x86)\Steam\steamapps\common\tModLoader\My Games\Terraria\tModLoader\ModSources\ChargerClass\Content\Items\Weapons\ChargedWeapon.cs", "C#", 0, 111, 0, 0, 0, 16, 127
"c:\Program Files (x86)\Steam\steamapps\common\tModLoader\My Games\Terraria\tModLoader\ModSources\ChargerClass\Content\Items\Weapons\CompoundBow.cs", "C#", 0, 51, 0, 0, 0, 10, 61
"c:\Program Files (x86)\Steam\steamapps\common\tModLoader\My Games\Terraria\tModLoader\ModSources\ChargerClass\Content\Items\Weapons\ConsumingLens.cs", "C#", 0, 79, 0, 0, 0, 11, 90
"c:\Program Files (x86)\Steam\steamapps\common\tModLoader\My Games\Terraria\tModLoader\ModSources\ChargerClass\Content\Items\Weapons\Crossbows\CopperCrossbow.cs", "C#", 0, 39, 0, 0, 0, 9, 48
"c:\Program Files (x86)\Steam\steamapps\common\tModLoader\My Games\Terraria\tModLoader\ModSources\ChargerClass\Content\Items\Weapons\Crossbows\CrimtaneCrossbow.cs", "C#", 0, 38, 0, 0, 0, 10, 48
"c:\Program Files (x86)\Steam\steamapps\common\tModLoader\My Games\Terraria\tModLoader\ModSources\ChargerClass\Content\Items\Weapons\Crossbows\DemoniteCrossbow.cs", "C#", 0, 35, 0, 0, 0, 9, 44
"c:\Program Files (x86)\Steam\steamapps\common\tModLoader\My Games\Terraria\tModLoader\ModSources\ChargerClass\Content\Items\Weapons\Crossbows\GoldCrossbow.cs", "C#", 0, 35, 0, 0, 0, 9, 44
"c:\Program Files (x86)\Steam\steamapps\common\tModLoader\My Games\Terraria\tModLoader\ModSources\ChargerClass\Content\Items\Weapons\Crossbows\HellfireCrossbow.cs", "C#", 0, 35, 0, 0, 0, 9, 44
"c:\Program Files (x86)\Steam\steamapps\common\tModLoader\My Games\Terraria\tModLoader\ModSources\ChargerClass\Content\Items\Weapons\Crossbows\IronCrossbow.cs", "C#", 0, 38, 0, 0, 0, 10, 48
"c:\Program Files (x86)\Steam\steamapps\common\tModLoader\My Games\Terraria\tModLoader\ModSources\ChargerClass\Content\Items\Weapons\Crossbows\LeadCrossbow.cs", "C#", 0, 38, 0, 0, 0, 10, 48
"c:\Program Files (x86)\Steam\steamapps\common\tModLoader\My Games\Terraria\tModLoader\ModSources\ChargerClass\Content\Items\Weapons\Crossbows\PlatinumCrossbow.cs", "C#", 0, 38, 0, 0, 0, 10, 48
"c:\Program Files (x86)\Steam\steamapps\common\tModLoader\My Games\Terraria\tModLoader\ModSources\ChargerClass\Content\Items\Weapons\Crossbows\SilverCrossbow.cs", "C#", 0, 38, 0, 0, 0, 10, 48
"c:\Program Files (x86)\Steam\steamapps\common\tModLoader\My Games\Terraria\tModLoader\ModSources\ChargerClass\Content\Items\Weapons\Crossbows\TinCrossbow.cs", "C#", 0, 38, 0, 0, 0, 10, 48
"c:\Program Files (x86)\Steam\steamapps\common\tModLoader\My Games\Terraria\tModLoader\ModSources\ChargerClass\Content\Items\Weapons\Crossbows\TungstenCrossbow.cs", "C#", 0, 38, 0, 0, 0, 10, 48
"c:\Program Files (x86)\Steam\steamapps\common\tModLoader\My Games\Terraria\tModLoader\ModSources\ChargerClass\Content\Items\Weapons\DartlingGun.cs", "C#", 0, 37, 0, 0, 0, 10, 47
"c:\Program Files (x86)\Steam\steamapps\common\tModLoader\My Games\Terraria\tModLoader\ModSources\ChargerClass\Content\Items\Weapons\DragonsBreath.cs", "C#", 0, 40, 0, 0, 0, 7, 47
"c:\Program Files (x86)\Steam\steamapps\common\tModLoader\My Games\Terraria\tModLoader\ModSources\ChargerClass\Content\Items\Weapons\HandCannon.cs", "C#", 0, 39, 0, 0, 0, 7, 46
"c:\Program Files (x86)\Steam\steamapps\common\tModLoader\My Games\Terraria\tModLoader\ModSources\ChargerClass\Content\Items\Weapons\HydraRocketLauncher.cs", "C#", 0, 45, 0, 0, 0, 11, 56
"c:\Program Files (x86)\Steam\steamapps\common\tModLoader\My Games\Terraria\tModLoader\ModSources\ChargerClass\Content\Items\Weapons\HydrantHoser.cs", "C#", 0, 37, 0, 0, 0, 7, 44
"c:\Program Files (x86)\Steam\steamapps\common\tModLoader\My Games\Terraria\tModLoader\ModSources\ChargerClass\Content\Items\Weapons\LaserDartlingGun.cs", "C#", 0, 52, 0, 0, 0, 12, 64
"c:\Program Files (x86)\Steam\steamapps\common\tModLoader\My Games\Terraria\tModLoader\ModSources\ChargerClass\Content\Items\Weapons\LongBow.cs", "C#", 0, 41, 0, 0, 0, 10, 51
"c:\Program Files (x86)\Steam\steamapps\common\tModLoader\My Games\Terraria\tModLoader\ModSources\ChargerClass\Content\Items\Weapons\MegaMortar.cs", "C#", 0, 39, 0, 0, 0, 7, 46
"c:\Program Files (x86)\Steam\steamapps\common\tModLoader\My Games\Terraria\tModLoader\ModSources\ChargerClass\Content\Items\Weapons\MolotovMortar.cs", "C#", 0, 29, 0, 0, 0, 8, 37
"c:\Program Files (x86)\Steam\steamapps\common\tModLoader\My Games\Terraria\tModLoader\ModSources\ChargerClass\Content\Items\Weapons\NectarNailGun.cs", "C#", 0, 30, 0, 0, 0, 6, 36
"c:\Program Files (x86)\Steam\steamapps\common\tModLoader\My Games\Terraria\tModLoader\ModSources\ChargerClass\Content\Items\Weapons\NikolasObliterator.cs", "C#", 0, 39, 0, 0, 0, 7, 46
"c:\Program Files (x86)\Steam\steamapps\common\tModLoader\My Games\Terraria\tModLoader\ModSources\ChargerClass\Content\Items\Weapons\PotatoCannon.cs", "C#", 0, 48, 0, 0, 0, 7, 55
"c:\Program Files (x86)\Steam\steamapps\common\tModLoader\My Games\Terraria\tModLoader\ModSources\ChargerClass\Content\Items\Weapons\PremeCalamari.cs", "C#", 0, 57, 0, 0, 0, 11, 68
"c:\Program Files (x86)\Steam\steamapps\common\tModLoader\My Games\Terraria\tModLoader\ModSources\ChargerClass\Content\Items\Weapons\RailRailGun.cs", "C#", 0, 38, 0, 0, 0, 7, 45
"c:\Program Files (x86)\Steam\steamapps\common\tModLoader\My Games\Terraria\tModLoader\ModSources\ChargerClass\Content\Items\Weapons\Railgun.cs", "C#", 0, 29, 0, 0, 0, 6, 35
"c:\Program Files (x86)\Steam\steamapps\common\tModLoader\My Games\Terraria\tModLoader\ModSources\ChargerClass\Content\Items\Weapons\RayOfBloon.cs", "C#", 0, 62, 0, 0, 0, 13, 75
"c:\Program Files (x86)\Steam\steamapps\common\tModLoader\My Games\Terraria\tModLoader\ModSources\ChargerClass\Content\Items\Weapons\Refractinator.cs", "C#", 0, 37, 0, 0, 0, 7, 44
"c:\Program Files (x86)\Steam\steamapps\common\tModLoader\My Games\Terraria\tModLoader\ModSources\ChargerClass\Content\Items\Weapons\RocketBalloon.cs", "C#", 0, 40, 0, 0, 0, 7, 47
"c:\Program Files (x86)\Steam\steamapps\common\tModLoader\My Games\Terraria\tModLoader\ModSources\ChargerClass\Content\Items\Weapons\Rubberband.cs", "C#", 0, 51, 0, 0, 0, 8, 59
"c:\Program Files (x86)\Steam\steamapps\common\tModLoader\My Games\Terraria\tModLoader\ModSources\ChargerClass\Content\Items\Weapons\RubberbandGun.cs", "C#", 0, 42, 0, 0, 0, 10, 52
"c:\Program Files (x86)\Steam\steamapps\common\tModLoader\My Games\Terraria\tModLoader\ModSources\ChargerClass\Content\Items\Weapons\ScorchingScream.cs", "C#", 0, 50, 0, 0, 0, 8, 58
"c:\Program Files (x86)\Steam\steamapps\common\tModLoader\My Games\Terraria\tModLoader\ModSources\ChargerClass\Content\Items\Weapons\Slingshots\AntlerSlinger.cs", "C#", 0, 29, 0, 0, 0, 7, 36
"c:\Program Files (x86)\Steam\steamapps\common\tModLoader\My Games\Terraria\tModLoader\ModSources\ChargerClass\Content\Items\Weapons\Slingshots\AshwoodSlingshot.cs", "C#", 0, 39, 0, 0, 0, 10, 49
"c:\Program Files (x86)\Steam\steamapps\common\tModLoader\My Games\Terraria\tModLoader\ModSources\ChargerClass\Content\Items\Weapons\Slingshots\BorealWoodSlingshot.cs", "C#", 0, 39, 0, 0, 0, 10, 49
"c:\Program Files (x86)\Steam\steamapps\common\tModLoader\My Games\Terraria\tModLoader\ModSources\ChargerClass\Content\Items\Weapons\Slingshots\EbonwoodSlingshot.cs", "C#", 0, 39, 0, 0, 0, 9, 48
"c:\Program Files (x86)\Steam\steamapps\common\tModLoader\My Games\Terraria\tModLoader\ModSources\ChargerClass\Content\Items\Weapons\Slingshots\MultiShot.cs", "C#", 0, 35, 0, 0, 0, 9, 44
"c:\Program Files (x86)\Steam\steamapps\common\tModLoader\My Games\Terraria\tModLoader\ModSources\ChargerClass\Content\Items\Weapons\Slingshots\PalmWoodSlingshot.cs", "C#", 0, 39, 0, 0, 0, 10, 49
"c:\Program Files (x86)\Steam\steamapps\common\tModLoader\My Games\Terraria\tModLoader\ModSources\ChargerClass\Content\Items\Weapons\Slingshots\PearlwoodSlingshot.cs", "C#", 0, 39, 0, 0, 0, 10, 49
"c:\Program Files (x86)\Steam\steamapps\common\tModLoader\My Games\Terraria\tModLoader\ModSources\ChargerClass\Content\Items\Weapons\Slingshots\ReinforcedSlingshot.cs", "C#", 0, 39, 0, 0, 0, 10, 49
"c:\Program Files (x86)\Steam\steamapps\common\tModLoader\My Games\Terraria\tModLoader\ModSources\ChargerClass\Content\Items\Weapons\Slingshots\RichMahoganySlingshot.cs", "C#", 0, 39, 0, 0, 0, 10, 49
"c:\Program Files (x86)\Steam\steamapps\common\tModLoader\My Games\Terraria\tModLoader\ModSources\ChargerClass\Content\Items\Weapons\Slingshots\ShadewoodSlingshot.cs", "C#", 0, 36, 0, 0, 0, 9, 45
"c:\Program Files (x86)\Steam\steamapps\common\tModLoader\My Games\Terraria\tModLoader\ModSources\ChargerClass\Content\Items\Weapons\Slingshots\TripleShot.cs", "C#", 0, 30, 0, 0, 0, 8, 38
"c:\Program Files (x86)\Steam\steamapps\common\tModLoader\My Games\Terraria\tModLoader\ModSources\ChargerClass\Content\Items\Weapons\Slingshots\WoodSlingshot.cs", "C#", 0, 38, 0, 0, 0, 10, 48
"c:\Program Files (x86)\Steam\steamapps\common\tModLoader\My Games\Terraria\tModLoader\ModSources\ChargerClass\Content\Items\Weapons\SnailGun.cs", "C#", 0, 37, 0, 0, 0, 7, 44
"c:\Program Files (x86)\Steam\steamapps\common\tModLoader\My Games\Terraria\tModLoader\ModSources\ChargerClass\Content\Items\Weapons\SpiderBow.cs", "C#", 0, 37, 0, 0, 0, 7, 44
"c:\Program Files (x86)\Steam\steamapps\common\tModLoader\My Games\Terraria\tModLoader\ModSources\ChargerClass\Content\Items\Weapons\SuperSlimer.cs", "C#", 0, 38, 0, 0, 0, 7, 45
"c:\Program Files (x86)\Steam\steamapps\common\tModLoader\My Games\Terraria\tModLoader\ModSources\ChargerClass\Content\Items\Weapons\SuperSoaker.cs", "C#", 0, 54, 0, 0, 0, 10, 64
"c:\Program Files (x86)\Steam\steamapps\common\tModLoader\My Games\Terraria\tModLoader\ModSources\ChargerClass\Content\Items\Weapons\SupremeCalamari.cs", "C#", 0, 37, 0, 0, 0, 8, 45
"c:\Program Files (x86)\Steam\steamapps\common\tModLoader\My Games\Terraria\tModLoader\ModSources\ChargerClass\Content\Items\Weapons\TeslaCoil.cs", "C#", 0, 56, 0, 0, 0, 7, 63
"c:\Program Files (x86)\Steam\steamapps\common\tModLoader\My Games\Terraria\tModLoader\ModSources\ChargerClass\Content\Items\YellowCharge.cs", "C#", 0, 27, 0, 0, 0, 3, 30
"c:\Program Files (x86)\Steam\steamapps\common\tModLoader\My Games\Terraria\tModLoader\ModSources\ChargerClass\Content\Prefixes\Absurd.cs", "C#", 0, 41, 0, 0, 1, 10, 52
"c:\Program Files (x86)\Steam\steamapps\common\tModLoader\My Games\Terraria\tModLoader\ModSources\ChargerClass\Content\Prefixes\Anxius.cs", "C#", 0, 39, 0, 0, 1, 9, 49
"c:\Program Files (x86)\Steam\steamapps\common\tModLoader\My Games\Terraria\tModLoader\ModSources\ChargerClass\Content\Prefixes\ChargedPrefix.cs", "C#", 0, 31, 0, 0, 7, 8, 46
"c:\Program Files (x86)\Steam\steamapps\common\tModLoader\My Games\Terraria\tModLoader\ModSources\ChargerClass\Content\Prefixes\Depleated.cs", "C#", 0, 38, 0, 0, 1, 3, 42
"c:\Program Files (x86)\Steam\steamapps\common\tModLoader\My Games\Terraria\tModLoader\ModSources\ChargerClass\Content\Prefixes\Ecstatic.cs", "C#", 0, 39, 0, 0, 1, 3, 43
"c:\Program Files (x86)\Steam\steamapps\common\tModLoader\My Games\Terraria\tModLoader\ModSources\ChargerClass\Content\Prefixes\Exuberant.cs", "C#", 0, 42, 0, 0, 1, 3, 46
"c:\Program Files (x86)\Steam\steamapps\common\tModLoader\My Games\Terraria\tModLoader\ModSources\ChargerClass\Content\Prefixes\Negative.cs", "C#", 0, 39, 0, 0, 1, 3, 43
"c:\Program Files (x86)\Steam\steamapps\common\tModLoader\My Games\Terraria\tModLoader\ModSources\ChargerClass\Content\Prefixes\Neutral.cs", "C#", 0, 39, 0, 0, 1, 3, 43
"c:\Program Files (x86)\Steam\steamapps\common\tModLoader\My Games\Terraria\tModLoader\ModSources\ChargerClass\Content\Prefixes\Static.cs", "C#", 0, 39, 0, 0, 1, 3, 43
"c:\Program Files (x86)\Steam\steamapps\common\tModLoader\My Games\Terraria\tModLoader\ModSources\ChargerClass\Content\Prefixes\SuperChargedPrefix.cs", "C#", 0, 39, 0, 0, 7, 8, 54
"c:\Program Files (x86)\Steam\steamapps\common\tModLoader\My Games\Terraria\tModLoader\ModSources\ChargerClass\Content\Projectiles\BalloonProjectile.cs", "C#", 0, 37, 0, 0, 0, 7, 44
"c:\Program Files (x86)\Steam\steamapps\common\tModLoader\My Games\Terraria\tModLoader\ModSources\ChargerClass\Content\Projectiles\BellowsAirProjectile.cs", "C#", 0, 31, 0, 0, 0, 6, 37
"c:\Program Files (x86)\Steam\steamapps\common\tModLoader\My Games\Terraria\tModLoader\ModSources\ChargerClass\Content\Projectiles\BloontoniumDartProjectile.cs", "C#", 0, 33, 0, 0, 0, 5, 38
"c:\Program Files (x86)\Steam\steamapps\common\tModLoader\My Games\Terraria\tModLoader\ModSources\ChargerClass\Content\Projectiles\BolaProjectile.cs", "C#", 0, 37, 0, 0, 0, 7, 44
"c:\Program Files (x86)\Steam\steamapps\common\tModLoader\My Games\Terraria\tModLoader\ModSources\ChargerClass\Content\Projectiles\BombBayProjectile.cs", "C#", 0, 89, 0, 0, 0, 9, 98
"c:\Program Files (x86)\Steam\steamapps\common\tModLoader\My Games\Terraria\tModLoader\ModSources\ChargerClass\Content\Projectiles\CoconutProjectile.cs", "C#", 0, 31, 0, 0, 0, 5, 36
"c:\Program Files (x86)\Steam\steamapps\common\tModLoader\My Games\Terraria\tModLoader\ModSources\ChargerClass\Content\Projectiles\ConsumingLensLaser.cs", "C#", 0, 56, 0, 0, 0, 7, 63
"c:\Program Files (x86)\Steam\steamapps\common\tModLoader\My Games\Terraria\tModLoader\ModSources\ChargerClass\Content\Projectiles\CropDusterProjectile.cs", "C#", 0, 54, 0, 0, 0, 9, 63
"c:\Program Files (x86)\Steam\steamapps\common\tModLoader\My Games\Terraria\tModLoader\ModSources\ChargerClass\Content\Projectiles\CustomDartProjectile.cs", "C#", 0, 116, 0, 0, 0, 18, 134
"c:\Program Files (x86)\Steam\steamapps\common\tModLoader\My Games\Terraria\tModLoader\ModSources\ChargerClass\Content\Projectiles\DragonsBreathProjectile.cs", "C#", 0, 31, 0, 0, 0, 6, 37
"c:\Program Files (x86)\Steam\steamapps\common\tModLoader\My Games\Terraria\tModLoader\ModSources\ChargerClass\Content\Projectiles\HandCannonBombProjectile.cs", "C#", 0, 53, 0, 0, 0, 7, 60
"c:\Program Files (x86)\Steam\steamapps\common\tModLoader\My Games\Terraria\tModLoader\ModSources\ChargerClass\Content\Projectiles\Holdouts\Blowers\BagpipeBlasterHoldout.cs", "C#", 0, 5, 0, 0, 0, 2, 7
"c:\Program Files (x86)\Steam\steamapps\common\tModLoader\My Games\Terraria\tModLoader\ModSources\ChargerClass\Content\Projectiles\Holdouts\Blowers\BalloonHoldout.cs", "C#", 0, 5, 0, 0, 0, 2, 7
"c:\Program Files (x86)\Steam\steamapps\common\tModLoader\My Games\Terraria\tModLoader\ModSources\ChargerClass\Content\Projectiles\Holdouts\Blowers\Blowguns\AdamantiteBlowgunHoldout.cs", "C#", 0, 5, 0, 0, 0, 2, 7
"c:\Program Files (x86)\Steam\steamapps\common\tModLoader\My Games\Terraria\tModLoader\ModSources\ChargerClass\Content\Projectiles\Holdouts\Blowers\Blowguns\BlowgunRevolverHoldout.cs", "C#", 0, 5, 0, 0, 0, 2, 7
"c:\Program Files (x86)\Steam\steamapps\common\tModLoader\My Games\Terraria\tModLoader\ModSources\ChargerClass\Content\Projectiles\Holdouts\Blowers\Blowguns\ChlorophyteBlowgunHoldout.cs", "C#", 0, 5, 0, 0, 0, 2, 7
"c:\Program Files (x86)\Steam\steamapps\common\tModLoader\My Games\Terraria\tModLoader\ModSources\ChargerClass\Content\Projectiles\Holdouts\Blowers\Blowguns\CobaltBlowgunHoldout.cs", "C#", 0, 5, 0, 0, 0, 2, 7
"c:\Program Files (x86)\Steam\steamapps\common\tModLoader\My Games\Terraria\tModLoader\ModSources\ChargerClass\Content\Projectiles\Holdouts\Blowers\Blowguns\HallowedBlowgunHoldout.cs", "C#", 0, 17, 0, 0, 0, 5, 22
"c:\Program Files (x86)\Steam\steamapps\common\tModLoader\My Games\Terraria\tModLoader\ModSources\ChargerClass\Content\Projectiles\Holdouts\Blowers\Blowguns\HellfireBlowgunHoldout.cs", "C#", 0, 5, 0, 0, 0, 2, 7
"c:\Program Files (x86)\Steam\steamapps\common\tModLoader\My Games\Terraria\tModLoader\ModSources\ChargerClass\Content\Projectiles\Holdouts\Blowers\Blowguns\LunarBlowgunHoldout.cs", "C#", 0, 5, 0, 0, 0, 2, 7
"c:\Program Files (x86)\Steam\steamapps\common\tModLoader\My Games\Terraria\tModLoader\ModSources\ChargerClass\Content\Projectiles\Holdouts\Blowers\Blowguns\MythrilBlowgunHoldout.cs", "C#", 0, 5, 0, 0, 0, 2, 7
"c:\Program Files (x86)\Steam\steamapps\common\tModLoader\My Games\Terraria\tModLoader\ModSources\ChargerClass\Content\Projectiles\Holdouts\Blowers\Blowguns\OrichalcumBlowgunHoldout.cs", "C#", 0, 5, 0, 0, 0, 2, 7
"c:\Program Files (x86)\Steam\steamapps\common\tModLoader\My Games\Terraria\tModLoader\ModSources\ChargerClass\Content\Projectiles\Holdouts\Blowers\Blowguns\PalladiumBlowgunHoldout.cs", "C#", 0, 5, 0, 0, 0, 2, 7
"c:\Program Files (x86)\Steam\steamapps\common\tModLoader\My Games\Terraria\tModLoader\ModSources\ChargerClass\Content\Projectiles\Holdouts\Blowers\Blowguns\PhantomBlowgunHoldout.cs", "C#", 0, 5, 0, 0, 0, 2, 7
"c:\Program Files (x86)\Steam\steamapps\common\tModLoader\My Games\Terraria\tModLoader\ModSources\ChargerClass\Content\Projectiles\Holdouts\Blowers\Blowguns\TitaniumBlowgunHoldout.cs", "C#", 0, 5, 0, 0, 0, 2, 7
"c:\Program Files (x86)\Steam\steamapps\common\tModLoader\My Games\Terraria\tModLoader\ModSources\ChargerClass\Content\Projectiles\Holdouts\Blowers\TonboneHoldout.cs", "C#", 0, 28, 0, 0, 0, 4, 32
"c:\Program Files (x86)\Steam\steamapps\common\tModLoader\My Games\Terraria\tModLoader\ModSources\ChargerClass\Content\Projectiles\Holdouts\ChargeWeaponHoldout.cs", "C#", 0, 211, 0, 0, 16, 28, 255
"c:\Program Files (x86)\Steam\steamapps\common\tModLoader\My Games\Terraria\tModLoader\ModSources\ChargerClass\Content\Projectiles\Holdouts\Crossbows\CopperCrossbowHoldout.cs", "C#", 0, 19, 0, 0, 0, 4, 23
"c:\Program Files (x86)\Steam\steamapps\common\tModLoader\My Games\Terraria\tModLoader\ModSources\ChargerClass\Content\Projectiles\Holdouts\Crossbows\CrimtaneCrossbowHoldout.cs", "C#", 0, 18, 0, 0, 0, 5, 23
"c:\Program Files (x86)\Steam\steamapps\common\tModLoader\My Games\Terraria\tModLoader\ModSources\ChargerClass\Content\Projectiles\Holdouts\Crossbows\DemoniteCrossbowHoldout.cs", "C#", 0, 12, 0, 0, 0, 4, 16
"c:\Program Files (x86)\Steam\steamapps\common\tModLoader\My Games\Terraria\tModLoader\ModSources\ChargerClass\Content\Projectiles\Holdouts\Crossbows\GoldCrossbowHoldout.cs", "C#", 0, 12, 0, 0, 0, 4, 16
"c:\Program Files (x86)\Steam\steamapps\common\tModLoader\My Games\Terraria\tModLoader\ModSources\ChargerClass\Content\Projectiles\Holdouts\Crossbows\HellfireCrossbowHoldout.cs", "C#", 0, 13, 0, 0, 0, 4, 17
"c:\Program Files (x86)\Steam\steamapps\common\tModLoader\My Games\Terraria\tModLoader\ModSources\ChargerClass\Content\Projectiles\Holdouts\Crossbows\IronCrossbowHoldout.cs", "C#", 0, 13, 0, 0, 0, 4, 17
"c:\Program Files (x86)\Steam\steamapps\common\tModLoader\My Games\Terraria\tModLoader\ModSources\ChargerClass\Content\Projectiles\Holdouts\Crossbows\LeadCrossbowHoldout.cs", "C#", 0, 12, 0, 0, 0, 4, 16
"c:\Program Files (x86)\Steam\steamapps\common\tModLoader\My Games\Terraria\tModLoader\ModSources\ChargerClass\Content\Projectiles\Holdouts\Crossbows\PlatinumCrossbowHoldout.cs", "C#", 0, 9, 0, 0, 0, 4, 13
"c:\Program Files (x86)\Steam\steamapps\common\tModLoader\My Games\Terraria\tModLoader\ModSources\ChargerClass\Content\Projectiles\Holdouts\Crossbows\SilverCrossbowHoldout.cs", "C#", 0, 16, 0, 0, 0, 5, 21
"c:\Program Files (x86)\Steam\steamapps\common\tModLoader\My Games\Terraria\tModLoader\ModSources\ChargerClass\Content\Projectiles\Holdouts\Crossbows\TinCrossbowHoldout.cs", "C#", 0, 13, 0, 0, 0, 4, 17
"c:\Program Files (x86)\Steam\steamapps\common\tModLoader\My Games\Terraria\tModLoader\ModSources\ChargerClass\Content\Projectiles\Holdouts\Crossbows\TungstenCrossbowHoldout.cs", "C#", 0, 12, 0, 0, 0, 4, 16
"c:\Program Files (x86)\Steam\steamapps\common\tModLoader\My Games\Terraria\tModLoader\ModSources\ChargerClass\Content\Projectiles\Holdouts\Slingshots\AntlerSlingerHoldout.cs", "C#", 0, 36, 0, 0, 0, 3, 39
"c:\Program Files (x86)\Steam\steamapps\common\tModLoader\My Games\Terraria\tModLoader\ModSources\ChargerClass\Content\Projectiles\Holdouts\Slingshots\AshwoodSlingshotHoldout.cs", "C#", 0, 14, 0, 0, 0, 3, 17
"c:\Program Files (x86)\Steam\steamapps\common\tModLoader\My Games\Terraria\tModLoader\ModSources\ChargerClass\Content\Projectiles\Holdouts\Slingshots\BorealWoodSlingshotHoldout.cs", "C#", 0, 14, 0, 0, 0, 2, 16
"c:\Program Files (x86)\Steam\steamapps\common\tModLoader\My Games\Terraria\tModLoader\ModSources\ChargerClass\Content\Projectiles\Holdouts\Slingshots\EbonwoodSlingshotHoldout.cs", "C#", 0, 18, 0, 0, 0, 5, 23
"c:\Program Files (x86)\Steam\steamapps\common\tModLoader\My Games\Terraria\tModLoader\ModSources\ChargerClass\Content\Projectiles\Holdouts\Slingshots\MultiShotHoldout.cs", "C#", 0, 21, 0, 0, 0, 4, 25
"c:\Program Files (x86)\Steam\steamapps\common\tModLoader\My Games\Terraria\tModLoader\ModSources\ChargerClass\Content\Projectiles\Holdouts\Slingshots\PalmWoodSlingshotHoldout.cs", "C#", 0, 19, 0, 0, 0, 4, 23
"c:\Program Files (x86)\Steam\steamapps\common\tModLoader\My Games\Terraria\tModLoader\ModSources\ChargerClass\Content\Projectiles\Holdouts\Slingshots\PearlwoodSlingshotHoldout.cs", "C#", 0, 14, 0, 0, 0, 4, 18
"c:\Program Files (x86)\Steam\steamapps\common\tModLoader\My Games\Terraria\tModLoader\ModSources\ChargerClass\Content\Projectiles\Holdouts\Slingshots\ReinforcedSlingshotHoldout.cs", "C#", 0, 12, 0, 0, 0, 4, 16
"c:\Program Files (x86)\Steam\steamapps\common\tModLoader\My Games\Terraria\tModLoader\ModSources\ChargerClass\Content\Projectiles\Holdouts\Slingshots\RichMahoganySlingshotHoldout.cs", "C#", 0, 12, 0, 0, 0, 4, 16
"c:\Program Files (x86)\Steam\steamapps\common\tModLoader\My Games\Terraria\tModLoader\ModSources\ChargerClass\Content\Projectiles\Holdouts\Slingshots\ShadeWoodSlingshotHoldout.cs", "C#", 0, 17, 0, 0, 0, 5, 22
"c:\Program Files (x86)\Steam\steamapps\common\tModLoader\My Games\Terraria\tModLoader\ModSources\ChargerClass\Content\Projectiles\Holdouts\Slingshots\TripleShotHoldout.cs", "C#", 0, 21, 0, 0, 0, 5, 26
"c:\Program Files (x86)\Steam\steamapps\common\tModLoader\My Games\Terraria\tModLoader\ModSources\ChargerClass\Content\Projectiles\Holdouts\Slingshots\WoodSlingshotHoldout.cs", "C#", 0, 12, 0, 0, 0, 4, 16
"c:\Program Files (x86)\Steam\steamapps\common\tModLoader\My Games\Terraria\tModLoader\ModSources\ChargerClass\Content\Projectiles\HolyCrossProjectile.cs", "C#", 0, 92, 0, 0, 0, 11, 103
"c:\Program Files (x86)\Steam\steamapps\common\tModLoader\My Games\Terraria\tModLoader\ModSources\ChargerClass\Content\Projectiles\HydrantHoserProjectile.cs", "C#", 0, 31, 0, 0, 0, 6, 37
"c:\Program Files (x86)\Steam\steamapps\common\tModLoader\My Games\Terraria\tModLoader\ModSources\ChargerClass\Content\Projectiles\LaserProjectile.cs", "C#", 0, 108, 0, 0, 0, 20, 128
"c:\Program Files (x86)\Steam\steamapps\common\tModLoader\My Games\Terraria\tModLoader\ModSources\ChargerClass\Content\Projectiles\LightningProjectile.cs", "C#", 0, 129, 0, 0, 6, 16, 151
"c:\Program Files (x86)\Steam\steamapps\common\tModLoader\My Games\Terraria\tModLoader\ModSources\ChargerClass\Content\Projectiles\MegaMortarProjectile.cs", "C#", 0, 31, 0, 0, 0, 6, 37
"c:\Program Files (x86)\Steam\steamapps\common\tModLoader\My Games\Terraria\tModLoader\ModSources\ChargerClass\Content\Projectiles\MonkeyDartProjectile.cs", "C#", 0, 33, 0, 0, 0, 5, 38
"c:\Program Files (x86)\Steam\steamapps\common\tModLoader\My Games\Terraria\tModLoader\ModSources\ChargerClass\Content\Projectiles\NectarNailProjectile.cs", "C#", 0, 37, 0, 0, 0, 5, 42
"c:\Program Files (x86)\Steam\steamapps\common\tModLoader\My Games\Terraria\tModLoader\ModSources\ChargerClass\Content\Projectiles\NikolasObliteratorLaser.cs", "C#", 0, 19, 0, 0, 0, 3, 22
"c:\Program Files (x86)\Steam\steamapps\common\tModLoader\My Games\Terraria\tModLoader\ModSources\ChargerClass\Content\Projectiles\PixieDust.cs", "C#", 0, 38, 0, 0, 0, 4, 42
"c:\Program Files (x86)\Steam\steamapps\common\tModLoader\My Games\Terraria\tModLoader\ModSources\ChargerClass\Content\Projectiles\PotatoProjectile.cs", "C#", 0, 36, 0, 0, 0, 7, 43
"c:\Program Files (x86)\Steam\steamapps\common\tModLoader\My Games\Terraria\tModLoader\ModSources\ChargerClass\Content\Projectiles\PremeCalamariLaser.cs", "C#", 0, 31, 0, 0, 0, 4, 35
"c:\Program Files (x86)\Steam\steamapps\common\tModLoader\My Games\Terraria\tModLoader\ModSources\ChargerClass\Content\Projectiles\RailRailGunProjectile.cs", "C#", 0, 31, 0, 0, 0, 6, 37
"c:\Program Files (x86)\Steam\steamapps\common\tModLoader\My Games\Terraria\tModLoader\ModSources\ChargerClass\Content\Projectiles\RailgunLaser.cs", "C#", 0, 19, 0, 0, 0, 3, 22
"c:\Program Files (x86)\Steam\steamapps\common\tModLoader\My Games\Terraria\tModLoader\ModSources\ChargerClass\Content\Projectiles\RayOfBloonLaser.cs", "C#", 0, 56, 0, 0, 0, 7, 63
"c:\Program Files (x86)\Steam\steamapps\common\tModLoader\My Games\Terraria\tModLoader\ModSources\ChargerClass\Content\Projectiles\RefractinatorProjectile.cs", "C#", 0, 31, 0, 0, 0, 6, 37
"c:\Program Files (x86)\Steam\steamapps\common\tModLoader\My Games\Terraria\tModLoader\ModSources\ChargerClass\Content\Projectiles\RocketBalloonProjectile.cs", "C#", 0, 37, 0, 0, 0, 6, 43
"c:\Program Files (x86)\Steam\steamapps\common\tModLoader\My Games\Terraria\tModLoader\ModSources\ChargerClass\Content\Projectiles\RocketPodProjectile.cs", "C#", 0, 36, 0, 0, 0, 6, 42
"c:\Program Files (x86)\Steam\steamapps\common\tModLoader\My Games\Terraria\tModLoader\ModSources\ChargerClass\Content\Projectiles\RocketStormProjectile.cs", "C#", 0, 59, 0, 0, 0, 9, 68
"c:\Program Files (x86)\Steam\steamapps\common\tModLoader\My Games\Terraria\tModLoader\ModSources\ChargerClass\Content\Projectiles\Rocks\BouncyRockProjectile.cs", "C#", 0, 55, 0, 0, 2, 14, 71
"c:\Program Files (x86)\Steam\steamapps\common\tModLoader\My Games\Terraria\tModLoader\ModSources\ChargerClass\Content\Projectiles\Rocks\ExplodingRockProjectile.cs", "C#", 0, 35, 0, 0, 0, 4, 39
"c:\Program Files (x86)\Steam\steamapps\common\tModLoader\My Games\Terraria\tModLoader\ModSources\ChargerClass\Content\Projectiles\Rocks\HotRockProjectile.cs", "C#", 0, 40, 0, 0, 0, 7, 47
"c:\Program Files (x86)\Steam\steamapps\common\tModLoader\My Games\Terraria\tModLoader\ModSources\ChargerClass\Content\Projectiles\Rocks\RockProjectile.cs", "C#", 0, 35, 0, 0, 0, 5, 40
"c:\Program Files (x86)\Steam\steamapps\common\tModLoader\My Games\Terraria\tModLoader\ModSources\ChargerClass\Content\Projectiles\Rocks\SinkerProjectile.cs", "C#", 0, 35, 0, 0, 0, 7, 42
"c:\Program Files (x86)\Steam\steamapps\common\tModLoader\My Games\Terraria\tModLoader\ModSources\ChargerClass\Content\Projectiles\Rocks\SpikyRockProjectile.cs", "C#", 0, 69, 0, 0, 2, 12, 83
"c:\Program Files (x86)\Steam\steamapps\common\tModLoader\My Games\Terraria\tModLoader\ModSources\ChargerClass\Content\Projectiles\Rocks\SplitterBrokenProjectile.cs", "C#", 0, 36, 0, 0, 0, 6, 42
"c:\Program Files (x86)\Steam\steamapps\common\tModLoader\My Games\Terraria\tModLoader\ModSources\ChargerClass\Content\Projectiles\Rocks\SplitterProjectile.cs", "C#", 0, 52, 0, 0, 0, 7, 59
"c:\Program Files (x86)\Steam\steamapps\common\tModLoader\My Games\Terraria\tModLoader\ModSources\ChargerClass\Content\Projectiles\RubberbandProjectile.cs", "C#", 0, 51, 0, 0, 2, 14, 67
"c:\Program Files (x86)\Steam\steamapps\common\tModLoader\My Games\Terraria\tModLoader\ModSources\ChargerClass\Content\Projectiles\SnailProjectile.cs", "C#", 0, 31, 0, 0, 0, 6, 37
"c:\Program Files (x86)\Steam\steamapps\common\tModLoader\My Games\Terraria\tModLoader\ModSources\ChargerClass\Content\Projectiles\SuperSlimerProjectile.cs", "C#", 0, 36, 0, 0, 0, 7, 43
"c:\Program Files (x86)\Steam\steamapps\common\tModLoader\My Games\Terraria\tModLoader\ModSources\ChargerClass\Content\Projectiles\SuperSoakerProjectile.cs", "C#", 0, 35, 0, 0, 1, 6, 42
"c:\Program Files (x86)\Steam\steamapps\common\tModLoader\My Games\Terraria\tModLoader\ModSources\ChargerClass\Content\Projectiles\SupremeCalamariProjectile.cs", "C#", 0, 25, 0, 0, 0, 4, 29
"c:\Program Files (x86)\Steam\steamapps\common\tModLoader\My Games\Terraria\tModLoader\ModSources\ChargerClass\Content\Projectiles\TronboneSonicProjectile.cs", "C#", 0, 37, 0, 0, 0, 5, 42
"c:\Program Files (x86)\Steam\steamapps\common\tModLoader\My Games\Terraria\tModLoader\ModSources\ChargerClass\Content\Tiles\AncientDebris.cs", "C#", 0, 26, 0, 0, 0, 4, 30
"c:\Program Files (x86)\Steam\steamapps\common\tModLoader\My Games\Terraria\tModLoader\ModSources\ChargerClass\Content\Tiles\AncientTech.cs", "C#", 0, 21, 0, 0, 0, 4, 25
"c:\Program Files (x86)\Steam\steamapps\common\tModLoader\My Games\Terraria\tModLoader\ModSources\ChargerClass\Content\Tiles\DartAssembleStationTileEntity.cs", "C#", 0, 56, 0, 0, 0, 5, 61
"c:\Program Files (x86)\Steam\steamapps\common\tModLoader\My Games\Terraria\tModLoader\ModSources\ChargerClass\Content\Tiles\DartAssemblyStationTile.cs", "C#", 0, 68, 0, 0, 2, 12, 82
"c:\Program Files (x86)\Steam\steamapps\common\tModLoader\My Games\Terraria\tModLoader\ModSources\ChargerClass\Content\Tiles\ElectrudiumBar.cs", "C#", 0, 21, 0, 0, 0, 4, 25
"c:\Program Files (x86)\Steam\steamapps\common\tModLoader\My Games\Terraria\tModLoader\ModSources\ChargerClass\Content\Tiles\ElectrudiumOre.cs", "C#", 0, 26, 0, 0, 0, 4, 30
"c:\Program Files (x86)\Steam\steamapps\common\tModLoader\My Games\Terraria\tModLoader\ModSources\ChargerClass\Content\Tiles\PotatoPlant.cs", "C#", 0, 99, 0, 0, 13, 23, 135
"c:\Program Files (x86)\Steam\steamapps\common\tModLoader\My Games\Terraria\tModLoader\ModSources\ChargerClass\Content\Tiles\UnstableChaosShard.cs", "C#", 0, 26, 0, 0, 0, 4, 30
"c:\Program Files (x86)\Steam\steamapps\common\tModLoader\My Games\Terraria\tModLoader\ModSources\ChargerClass\Content\UI\ChargeMeter\ChargeMeter.cs", "C#", 0, 74, 0, 0, 3, 21, 98
"c:\Program Files (x86)\Steam\steamapps\common\tModLoader\My Games\Terraria\tModLoader\ModSources\ChargerClass\Content\UI\DartAssemblyStation\DartAssemblyState.cs", "C#", 0, 140, 0, 0, 0, 13, 153
"c:\Program Files (x86)\Steam\steamapps\common\tModLoader\My Games\Terraria\tModLoader\ModSources\ChargerClass\Content\UI\VanillaItemSlotWrapper.cs", "C#", 0, 38, 0, 0, 2, 6, 46
"c:\Program Files (x86)\Steam\steamapps\common\tModLoader\My Games\Terraria\tModLoader\ModSources\ChargerClass\Properties\launchSettings.json", "JSON", 0, 0, 16, 0, 0, 0, 16
"c:\Program Files (x86)\Steam\steamapps\common\tModLoader\My Games\Terraria\tModLoader\ModSources\ChargerClass\README.md", "Markdown", 2, 0, 0, 0, 0, 1, 3
"Total", "-", 2, 14044, 29, 9, 149, 2349, 16582